email,name
info@teamz.co.jp,株式会社TEAMZ
contact@tokyowebdevelopment.com,Tokyo Web Development
info@ekohe.com,Ekohe イコヒー // Artificial Intelligence and Digital Transformation
shanghai@ekohe.com,Ekohe イコヒー // Artificial Intelligence and Digital Transformation
tokyo@ekohe.com,Ekohe イコヒー // Artificial Intelligence and Digital Transformation
paris@ekohe.com,Ekohe イコヒー // Artificial Intelligence and Digital Transformation
vancouver@ekohe.com,Ekohe イコヒー // Artificial Intelligence and Digital Transformation
japan@cordeos.com,Cordeos Tokyo Japan
info@titanconsulting.jp,Titan Consulting
contact@it-germany.com,IT-Deutschland Global Business Solutions
info@indosakura.com,Indo-Sakura Software Japan㈱
inquiry@toptechinfo.com,TopTech Informatics K.K ITサポート
chuck@bap-solutions.com,株式会社BAP Solution Japan
service@bap.jp,株式会社BAP Solution Japan
team@webguru.co.jp,Webguru #1 Web Design Studio Tokyo
info@freelancertokyo.com,Japanese & English Web Designer
marketing@technosoftautomotive.com,Technosoft Japan Co.
info@jptokyo.co.jp,JP Tokyo & Co.
infoin@jptokyo.co.jp,JP Tokyo & Co.
info@jptf.fi,JP Tokyo & Co.
cw@ecollage.jp,Cloudwaitress japan
tokyo@invitejapan.com,インバイトジャパン株式会社
kazunori@invitejapan.com,インバイトジャパン株式会社
london@jellyfish.com,Jellyfish Digital Japan
mattsanzone123@gmail.com,ムラサキ-イタリア合同会社
matt@mastertier.org,ムラサキ-イタリア合同会社
ineed@changes.agency,Digital marketing agency CHANGES
info@joydea.jp,株式会社ジョイディア
info@vti.com.vn,VTI Japan Co
event@ibpcosaka.or.jp,IBPC Osaka
info@investosaka.jp,IBPC Osaka
info@vmogroup.jp,VMO Japan 株式会社
info@vmogroup.com,VMO Japan 株式会社
vmojp.managers@vmodev.com,VMO Japan 株式会社
info@vmoamerica.com,VMO Japan 株式会社
th.contact@vmogroup.com,VMO Japan 株式会社
kr.contact@vmogroup.com,VMO Japan 株式会社
mail@trace.jp,株式会社TRACE
info@webst8.com,株式会社WEBST8
webmaster@nna-osaka.co.jp,NNA株式会社
hikosaka@osaka-soft.co.jp,（株）大阪そふと
info@office-ts.co.jp,Ｏffice Ｔechnical Ｓoftware
info@osamu.co.jp,株式会社オサムインビジョンテクノロジー
admin.surfing@monozukuri.vc,Monozukuri Ventures
hi@typemade.mx,Canri Consulting
info@canriconsulting.co.jp,Canri Consulting
filler@godaddy.com,Canri Consulting
info@kingeikaiwa.com,Canri Consulting
egao.h.ohta@gmail.com,インサイトハウスのコミュニケーション研修&介護事業コンサル
info@softclain.com,Softclain Technologies - Digital Agency For Web & Mobile App Development
info.sapiens@sapiens.com,Sapiens
takahiro.takahashi@accelsofteng.com,ASE - アクセラレイテッド・ソフトウェア・エンジニアリング合同会社 本社
aoki@japan-global-c.com,Japan Global Consulting 株式会社
info@beemotion.ai,BeEmotion.AI
Info@BeEmotion.ai,BeEmotion.AI
contact@onepage.co.jp,ワンページ株式会社 | Onepage
japanquestions@aquent.com,Aquent
info@nca.ac.jp,名古屋デザイン&テクノロジー専門学校
goto.nagoya.aichi@gmail.com,GoTo名古屋愛知(株)
info@wsiforsuccess.jp,WSI - We Simplify the Internet
Support@VideoMarketingInsider.com,54 Media
honey@srand.jp,㈱エスランド
contactus@srand.jp,㈱エスランド
info@tagi.co.jp,TAGインテグレーション 札幌オフィス
info@deeptech-core.com,Deep-Tech CORE SAPPORO
info@skillmark.jp,【札幌 フリーランスエンジニア 営業支援】株式会社スキルマーク
info@north-tech.co.jp,㈱ノーステック
info@sba.ac.jp,札幌デザイン＆テクノロジー専門学校(TECH.C.札幌)
hello@43north.jp,43 North Design 合同会社
info@wapuru.com,Wapuru
murakami_mtr@longworks-all.com,WEBサイト制作
soumu@mj-soft.jp,MJソフトウェア㈱
contact@think-helper.com,ThinkHelper合同会社
marketing@systemk.co.jp,㈱システム･ケイ
impallari@gmail.com,Space Cubics
team@latofonts.com,Space Cubics
info@visithkd.com,㈱VISIT北海道
info@jiitak.jp,株式会社JIITAK (JIITAK Inc.)
contact@techvify.jp,TECHVIFY Software - Japan Branch
hello@digitalnomads.jp,Manabu Community
website-contact@kawazu-sakura-software.co.jp,河津桜ソフト株式会社
info@global-creative.co,GLOBAL・CREATIVE Inc.
contact@tabetai.org,Tabe 株式会社 - IT 福岡
info@solution-tec.co.jp,ソリューション・テクノロジー（株）
sales@yanoljacloudsolution.com,eZee Hotel Software Solutions
cx@yanoljacloudsolution.com,eZee Hotel Software Solutions
careers@yanoljacloudsolution.com,eZee Hotel Software Solutions
info@asobiholic.com,株式会社 Asobiholic Game Development
contact.asobiholic@gmail.com,株式会社 Asobiholic Game Development
jimukyoku@youmakeit.jp,(一社)YOU MAKE IT
support@degipro.com,デジプロ福岡校（実践型Webマーケティングスクール）
info@directlabo.net,株式会社ダイレクト・ラボ
info@dc-admins.co.jp,株式会社ディーシーアドミンズ
nagoya@nxpg.net,株式会社ネクストページ
mail@toayamate.com,Kobe Torre Yamate Service Torre Yamatechugokugokyoshitsu Torre Yamatepasokon School
recruit@nowhere.co.jp,(株)Eyes
info@nowhere.co.jp,(株)Eyes
robot@nowhere.co.jp,(株)Eyes
info.aiesb@gmail.com,AIE Japan
aiotlabs@microsoft.com,Microsoft AI Co-Innovation Lab Kobe
info@cad-solutions.co.jp,CAD SOLUTIONS Inc.(KOBE)
info@sanconjp.com,SAN Consulting Japan
info@kobe-tech.ac.jp,神戸・甲陽デザイン&テクノロジー専門学校
info@mymotherboards.com,My Motherboards Inc.
marketing@satven.com,サティヤムベンチャーエンジニアリングサービス・プライベート・リミテッド日本支社
info@nos-tech.com,株式会社Nostalgic Technology
info@ogi-infotec.com,OGI infotec株式会社
info@digitalize.biz,デジタライズ（株式会社サイブリッジ 広島オフィス）
info@asobu-design.llc,ASOBU DESIGN合同会社
tanaconan@gmail.com,株式会社 IMPACT
npo@itc-hiroshima.net,NPO法人 ITC広島
web@avt.co.jp,AVT 株式会社 アドバンスド バーチャル テクノロジーズ
iss@iss.co.in,㈲インテリジェント･ソフトウェア･ソリューションズ
info@innetone.jp,インネット仙台合同会社
order@sendai-wifirental.com,仙台WiFiレンタル.com
office@smt.city.sendai.jp,Sendai Mediatheque
kei.teshima@onetohoku.com,一般社団法人ONE TOHOKU HUB
lymarketing.support@linecorp.com,LINEヤフーマーケティング株式会社
lymarketing_support@linecorp.com,LINEヤフーマーケティング株式会社
u003elymarketing.info@linecorp.com,LINEヤフーマーケティング株式会社
orb@orb-japan.co.jp,株式会社オーブ
contact@sotatek.com,株式会社SOTATEK JAPAN
info.jp@sotatek.com,株式会社SOTATEK JAPAN
sales.korea@sotatek.com,株式会社SOTATEK JAPAN
hr@sotatek.com,株式会社SOTATEK JAPAN
michael.riordan@linesight.com,Linesight - Construction Consultants Tokyo
jcn@hashi.biz,HASHI Consulting
contact@tmasolutions.co.jp,TMA Solution Japan Inc.
will@japanhospitalityconsultants.com,Japan Hospitality Consultants
support@prowebmatrix.com,Prowebmatrix In Tokyo
contact@prowebmatrix.com,Prowebmatrix In Tokyo
info@nazpev.com,Nazpev Inc.
info@metis-japan.com,METIS CONSULTING SERVICES LTD
info@tokyoconsultingfirm.com,Tokyo Consulting Firm Indonesia
info@slate.co.jp,Slate Consulting K.K.
info-jp@eiresystems.com,EIRE Systems Tokyo / エイラシステム㈱
info-sg@eiresystems.com,EIRE Systems Tokyo / エイラシステム㈱
info-hk@eiresystems.com,EIRE Systems Tokyo / エイラシステム㈱
info-ch@eiresystems.com,EIRE Systems Tokyo / エイラシステム㈱
info@nihonseo.com,SEO Japan
info@ajmarketing.io,AJ Marketing (Japan)
hello@keithdream.tech,SEO Company Japan
info@tokyomarketing.net,SEO Company Japan
info@dotontech.com,Donton Tech
m.nakatani@brainsoft.co.jp,コンピュータソフトウェアの設計、開発
info@nvlsoft.com,Navila Software Japan
contact@ciee.org,CIEE Study Abroad Kyoto
info@kyoto-tech.com,Kyoto Technologies LLC
globalsolution.honsha@gmail.com,Global Solution Kyoto
info@girensoft.jp,技連ソフト株式会社
morio.n@yokohamaconsulting.com,Yokohamaconsulting
office@gen-ten.biz,genten LLC
info@cloud-square.com,CloudSquare Inc.
info@wibu.com,WIBU-SYSTEMS株式会社
sales@wibu-systems.nl,WIBU-SYSTEMS株式会社
info@wibu.us,WIBU-SYSTEMS株式会社
info@wibu.com.cn,WIBU-SYSTEMS株式会社
info-jp@wibu.jp,WIBU-SYSTEMS株式会社
sales@wibu.co.uk,WIBU-SYSTEMS株式会社
sales@wibu.fr,WIBU-SYSTEMS株式会社
sales@wibu.es,WIBU-SYSTEMS株式会社
sales@wibu.co.kr,WIBU-SYSTEMS株式会社
support@disguise.one,Disguise Japan 合同会社
info@anaut-surg.com,Anauto
hello@fun-creative.com,FUN Creative
info@nasubi.co.jp,名古屋総合システム㈱
sales@m2mcraft.co.jp,㈱M2Mクラフト（M2M craft Co.
qa@mondo.market,Mondo Marketing
system2@bb.rainbow.ne.jp,北海道ジオシステム㈱
info@ic-consultingfirm.com,株式会社IC consulting firm
shop@21technology.co.jp,21テクノロジー株式会社
info@jawhm.or.jp,日本ワーキングホリデー協会 福岡オフィス
contact@digitomenu.com,DIGITOメニュー (DOKOJAPAN株式会社)
ir@gl-inc.jp,（株）グッドラックスリー
fukuno@sgk.co.jp,（株）ソフト技研
info@kobe-ie.com,Kobe Innovation Engineering
contact@woomy.me,Woomy
kobe@fintech.co.jp,Fintech Company Ltd
fuji@fintech.co.jp,Fintech Company Ltd
info@chiikist.jp,ちいきすと
info@seigyosekkei.co.jp,有限会社制御設計
okayama@dd-solution.co.jp,株式会社DDソリューション
info@sky-social.com,SKY SOCIAL株式会社
customer@nova.co.jp,ラストリゾート広島オフィス
info@nipponrick.co.jp,日本リック株式会社 広島オフィス
shinetsu@nipponrick.co.jp,日本リック株式会社 広島オフィス
nagoya@nipponrick.co.jp,日本リック株式会社 広島オフィス
osaka@nipponrick.co.jp,日本リック株式会社 広島オフィス
hiroshima@nipponrick.co.jp,日本リック株式会社 広島オフィス
info@likeworks.jp,LIKEWORKS
info@hr-ini.com,HRイニシアティブ合同会社
contact@wiredbeans.co.jp,㈱ワイヤードビーンズ
smilebluetv@gmail.com,Smile Blue E / 映像、VR、ドローン、ライブ配信
info@aj-c.net,株式会社アジャストコミュニケーション
info@nidrive.jp,N I DRIVE 株式会社
norukia.jp@gmail.com,aon（㈱エーオン）https://aon.co.jp https://aon.tokyo
example@mail.com,NewIT株式会社
info@tokyotechie.com,TokyoTechie | Blockchain Development | Cryptocurrency Development Company in India
crm@tokyotechie.com,TokyoTechie | Blockchain Development | Cryptocurrency Development Company in India
hello@aqworks.com,AQ
info@aheadjapan.co.jp,Ahead Japan アヘッド・ジャパン
info@imagemill.jp,imageMILL
info@imagemillsa.co.za,imageMILL
info@jcic-jp.com,JCIC - Japan Competitive Innovation Consultancy Inc.
support@meritech.co.jp,メリテック
info@vpointcareers.com,VantagePoint K.K.
sales@uipath.com,UiPath K.K.
hello@codechrysalis.io,Code Chrysalis: Coding Bootcamp in Tokyo
prodigitaltokyo@gmail.com,ProDigital Tokyo LLC (プロデジタル東京株式会社)
contact@domain.co.jp,グローバルイノベーションコンサルティング（株）
cp@gicjp.com,グローバルイノベーションコンサルティング（株）
marketing@gicjp.com,グローバルイノベーションコンサルティング（株）
info@biosector.jp,Biosector
stefan.sandstrom@biosector.jp,Biosector
info@arisaftech.com,アリサフテック・ジャパン株式会社 Arisaf Tech Japan
info@arisaftech.com.bd,アリサフテック・ジャパン株式会社 Arisaf Tech Japan
info@u-factory.co.jp,U-FACTORY Co.
k-i@knowledge-i.jp,株式会社 ナレッジ イノベーション
recruit@roots.gr.jp,株式会社ルーツ
kirari@kirari.jp,㈱ディーエーオー
infomj@meds-grp.jp,㈱MEDS JAPAN 札幌営業所
medsjp@mail.exe-creation.com,㈱MEDS JAPAN 札幌営業所
info@mail.exe-creation.com,㈱MEDS JAPAN 札幌営業所
info@foreseeconsulting8.com,㈱Foresee Consulting（フォーシーコンサルティング）
miraisystem@miraisystem.jp,㈱未来システム工房
info@aozorakojo.com,㈱青空工場
wada@synck.com,シンクグラフィカ
info@bios-hokkaido.jp,合同会社ビオス北海道
info@it-solutions.co.jp,PCサポートステーション ㈱アイティソリューションズ
support@it-solutions.co.jp,PCサポートステーション ㈱アイティソリューションズ
mail@f-soft.co.jp,Fukuoka Software Development Co.
admin@3453d.com,Co.
jedrzej.chalubek@gmail.com,株式会社Japonline
m.star6.25@gmail.com,株式会社 SSG Innovation
info@egretcom.com,Egretcom株式会社 福岡オフィス
info@fsc-go.co.jp,（株）福岡ソフトウェアセンター 福岡研修室
info@medicalsoftware.co.jp,メディカルソフトウェア株式会社
info@agent-labo.com,エージェントラボ
fm-23@siren.ocn.ne.jp,FM-23
info@japaninternships.com,Internship in Japan
hello@integral.com,Integral Development Corp Tokyo
info@msg-global.com,msg global solutions Japan
hello@msg-global.com,msg global solutions Japan
info@miraito-inc.co.jp,㈱ミライトデザイン
info@arin.ltd,Lumena
mgmt@bgc.co.jp,Bangera's Global Consulting
tokyo@ukeducation.jp,SI-UK Japan
osaka@ukeducation.jp,SI-UK Japan
webadmin@prodigy-inc.co.jp,Prodigy Co.
tcontato@godigital.jp,Agência Go Digital
contato@godigital.jp,Agência Go Digital
info@apptweak.com,AppTweak Japan合同会社
contact@asenshia.com,ASENSHIA
mail2alive@alive-ltd.co.jp,Araibu
info@secret-lab.jp,株式会社シークレットラボ | Secret Lab
hr@gencosys.com,Gencosys Japan
info@gencosys.com,Gencosys Japan
sales@gencosys.com,Gencosys Japan
info@nestra.jp,Jisedaiuchu System Gijutsukenkyu Society
info@hyperlinkinfosystem.com,Top App Development Companies
sales@imobdevtech.com,Top App Development Companies
hello@fueled.com,Top App Development Companies
hello@domandtom.com,Top App Development Companies
contact@dogtownmedia.com,Top App Development Companies
hello@arctouch.com,Top App Development Companies
hello@raizlabs.com,Top App Development Companies
info@digivie.fr,Top App Development Companies
info@softeq.com,Top App Development Companies
contact@ymedialabs.com,Top App Development Companies
hello@infinum.co,Top App Development Companies
info@willowtreeapps.com,Top App Development Companies
info@hedgehoglab.com,Top App Development Companies
sales@citrusbits.com,Top App Development Companies
hello@sidebench.com,Top App Development Companies
contact@freshworks.io,Top App Development Companies
hello@chopdawg.com,Top App Development Companies
info@magora.co.uk,Top App Development Companies
team.topappdevelopmentcompanies@gmail.com,Top App Development Companies
arthurgareginyan@gmail.com,Top App Development Companies
info@beside-jp.com,Beside
softdesign@softd.co.jp,株式会社ソフトデザイン
info@studio080.co.jp,STUDIO 080
info@givee-sendai.com,Givee㈱
info@exploit.jp,EXPLOIT
soy@soy-source.com,㈲SOYsource建築設計事務所
info@solanets.com,株式会社Sola.com
dubai@mottmac.com,Mott MacDonald Japan KK
info@skillhouse.co.jp,Skillhouse Staffing Solutions
ContactUs@skillhouse.co.jp,Skillhouse Staffing Solutions
info@strategycore.com,StrategyCore K.K.
info@jamf.com,Jamf Japan 合同会社
contact@mcgovern.co.jp,McGovern Consulting
jennyforrest@gmail.com,Asana Japan
support@nano-soft.co.jp,株式会社ナノソフト
fugashi.web@gmail.com,fugashiクリエイティブ（フガシクリエイティブ）
kitamaika@gmail.com,Mirai Tech
info@kitamaika.com,Mirai Tech
info@tdesign.co.jp,合同会社ティー・デザイン
info@kbk-net.co.jp,KBKプラス
info@quadgraphy.com,株式会社クアッド ドローン撮影・航空撮影
atlas-support@omoto-net.jp,Atlas Direction 株式会社
info@minteel.co.jp,株式会社ミンティール
info@nihon-iso.com,日本ＩＳＯコンサルタント（株）
info@asiamarketing.jp,アジアマーケティング
moritomizuto@air.ocn.ne.jp,技術士事務所 森と水と
uff1amoritomizuto@air.ocn.ne.jp,技術士事務所 森と水と
nmoritomizuto@air.ocn.ne.jp,技術士事務所 森と水と
info@attuned.ai,Attuned
support@boss-gr.com,Japan Consulting Service Co.
605a7baede844d278b89dc95ae0a9123@sentry-next.wixpress.com,Japan Consulting Service Co.
sales@innovaturetech.com,Innovature Technologies
info@denodo.com,Denodo Technologies株式会社 東京オフィス
info@qukuri.co.jp,株式会社Qukuri-縁を括り、ココロを通わせるシステム開発
support@amaronix.jp,Amaronix
support@amaronix.com,Amaronix
contact@btsol.jp,B&T Solutions株式会社
1eeb89147c984dc6bc3ffafd9e6cd089@sentry.wixpress.com,サステナブルソリューションズ㈱
8eb368c655b84e029ed79ad7a5c1718e@sentry.wixpress.com,サステナブルソリューションズ㈱
info@clapltd.com,株式会社Clap
info@corp-alfred.com,㈱ALFRED（アルフレッド）
sales@si-linux.co.jp,シリコンリナックス（株）
mail@hoge.com,IT Pro 合同会社（IT PRO INC.）
info@nscnet.jp,㈱NSC
info@jobsolution.jp,㈱ジョブソリューション
inquiry@inobasic.tech,株式会社InoBasic
suresh@thatimedia.com,Thati Media Japan Consultants
sales@shearwaterasia.com,Shearwater Japan
kris_truter@truterconsulting.com,Truter Consulting
info@it-japan24.com,IT japan株式会社
contact-us@linchpin-consulting.com,Linchpin Consulting Co.
info@codeclubitsolutions.com,CodeClub IT Solutions
contact@codeclubitsolutions.com,CodeClub IT Solutions
codeclubitsolutions@gmail.com,CodeClub IT Solutions
hello@webcard.studio,WEB CARD
shakira.drake@flexis.de,flexis Japan K.K.
info@azabuinsights.com,Azabu Insights
info@revcomm.co.jp,RevComm Inc.
info@beonesolutions.com,be one solutions Japan
pr@tier4.jp,TIER Ⅳ
support@jts.ec,J Tech Solutions
contact@japan-tech-all.co.jp,㈱日本テックオール
aid@f4.dion.ne.jp,（株）ワールドエイド
contact@smartichip.com,SMARTI株式会社
yado_info@yadoken.net,㈱宿研 東北支社
rain@rain-interactive.com,Rain Interactive KK
info@solastajapan.com,Solasta GK
sample@mail.com,Vesinov
info@vesinov.co,Vesinov
ktanaka@jsacorp.co.jp,日本科声㈱ 札幌事務所
info@graphictoy.net,㈱グラフィック･トイ（GRAPHIC TOY）
contact@comme-nt.co.jp,株式会社comme-nt
info@greenphard.com,株式会社Greenphard Energy
inquiry@iterconsulting.co.jp,ITER Consulting Co.
info_atfirst@at-first.com,アットファースト
info@systechdigital.co.jp,株式会社 SYSTECH DIGITAL JAPAN
career@systechdigital.co.jp,株式会社 SYSTECH DIGITAL JAPAN
info@pmcjapan.com,PMC Japan
Fabio.CRISAFULLI@3ds.com,PMC Japan
info@jr-d.co.jp,JapanRestaurantsDevelopment株式会社
info@smarti.co.jp,Smart Incubation株式会社
jp_bangladesh@tokyoconsultinggroup.com,Tokyo Consulting Firm Limited
info@tokyotechies.com,Tokyo Techies株式会社
